suggest a crop for chittoor district,Booklet Coastal Zone,https://drysrhu.ap.gov.in/Publications/Rayalaseema%20Zone.pdf,"Apr 28, 2010 ... Q: Suggest the crop diversity in Chittoor district and specify the crops and variety. A: It is a good suggestion and will be taken care of ..."
suggest a crop for chittoor district,AP State Seeds Developement,https://apseeds.ap.gov.in/Website/Chittoor.aspx,Crop seeds in Chittoor district and other Districts of Andhra Pradesh state. Major Seed Production Crops And Their Varieties In Chittoor District: S.NO ...
suggest a crop for chittoor district,State: ANDHRA PRADESH,https://www.icar-crida.res.in/CP/AndhraPradesh/Chittoor.pdf,"Coverage of crops and Productivity levels in Chittoor district during Rabi, 2018-19 ... component (or suggest suitable similar system to your district)."
suggest a crop for chittoor district,Biotic constraints in tomato production in Chittoor district of Andhra ...,https://www.entomoljournal.com/archives/2019/vol7issue4/PartB/7-3-255-969.pdf,"Jun 24, 2019 ... Tomato is grown year round in the district hence pest occurrence is also high due to continuous availability of host crop. Insects like Tuta ..."
suggest a crop for chittoor district,MAJOR AGRICULTURAL CROPS IN CHITTOOR DISTRICT,https://www.worldwidejournals.com/paripex/recent_issues_pdf/2015/May/May_2015_1431777386__136.pdf,Around 70% of the lands in Chittoor district are dry lands and rainfed crops are grown in them. Only 30% is irrigated as against the Andhra Pradesh average (35 ...
suggest a crop for chittoor district,"AGRICULTURE | Chittoor District, Government of Andhra Pradesh ...",https://chittoor.ap.gov.in/agriculture/,"SCENARIO OF DEPARTMENT OF AGRICULTURE In the process of making the mission a reality, the department is adopting following strategies."
suggest a crop for chittoor district,Chittor - Krishi Vigyan Kendra (KVK),https://www.kvkchittoor.org/district-profile.html,"Chittoor district is situated between 120 – 37” to 140-8” North Latitude ... Area, Production and Productivity of major crops. Area(ha)."
suggest a crop for chittoor district,Untitled,https://www.nabard.org/auth/writereaddata/careernotices/2709185337Success%20Stories_Veg.%20Cultivation_Chittoor.pdf,"Though, Chittoor District is predominantly rain fed agriculture, the farmers ... It will be suggested to the farmers to go for joint procurement of ..."
suggest a crop for chittoor district,Chittoor farmers in Andhra Pradesh turn to minor millet cultivation,https://www.newindianexpress.com/states/andhra-pradesh/2024/Jul/11/chittoor-farmers-turn-to-minor-millet-cultivation,"Jul 11, 2024 ... CHITTOOR: Farmers in Chittoor district are turning to rainfed cultivation ... As an alternative, she suggested intercropping horsegram with ..."
suggest a crop for chittoor district,Pradhan Mantri Krishi Sinchayee Yojana (PMKSY) District Irrigation ...,https://pmksy.gov.in/mis/Uploads/2017/20170125072923528-2.pdf,Crop Growing seasons in Chittoor. Crop Water Demand.
hello,Adele - Hello (Official Music Video) - YouTube,https://www.youtube.com/watch?v=YQHsXMglC9A,"Oct 22, 2015 ... Listen to ""Easy On Me"" here: http://Adele.lnk.to/EOM Pre-order Adele's new album ""30"" before its release on November 19: ..."
hello,Hello Products,https://www.hello-products.com/,"A fresh take on oral care that's all about the good vibes. We're the ones, mixing up delightful ingredients that'll have you doing a happy dance."
hello,HelloFresh® Meal Kits | Get 10 Free Meals & Try Ready Made Meals,https://www.hellofresh.com/,"HelloFresh® Meal Kits | Get 10 Free Meals & try chef-crafted Ready Made Meals. Free meals applied as discount on first box, new subscribers only, ..."
hello,"HELLO! - Daily royal, celebrity, fashion, beauty & lifestyle news",https://www.hellomagazine.com/,"HELLO! brings you the latest celebrity & royal news from the UK & around the world, magazine exclusives, fashion, beauty, lifestyle news, celeb babies, ..."
hello,Hello Games: Homepage,https://hellogames.org/,"We are a small studio who like to harness technology to make creative, innovative, ambitious and artistic games. Join us on our journey to create the types ..."
hello,no hello,https://nohello.net/en,please don't say just hello in chat.
hello,Highlights Hello Magazine | Highlights for Children,https://shop.highlights.com/hello-magazines-subscription,The childhood experts at Highlights developed this special magazine to make it easy for parents to read to and bond with their little ones ages 0-2! Each 16- ...
hello,The Official Home of Hello Kitty & Friends,https://www.sanrio.com/,"Explore the supercute world of Sanrio, home to Hello Kitty, My Melody, Kuromi, Aggretsuko, Gudetama, and more!"
hello,The Best & Fastest WordPress Theme: Hello by Elementor,https://elementor.com/products/hello-theme/,"Hello Theme: Fast, Lightweight, and FREE. Hello theme is built with minimal styling and scripts for maximum speed and design freedom."
hello,Welcome to Hello!Lucky,https://www.hellolucky.com/,"Hello!Lucky uses creativity to spread joy, fun, and kindness. Founded by sisters Eunice and Sabrina Moyle in 2003 (San Francisco, CA), Hello!"
heelo,Heelo App (@heeloapp) • Instagram photos and videos,https://www.instagram.com/heeloapp/?hl=en,Heelo app has the most comprehensive listing of local restaurant coupons and promotions. Download the #HeeloApp today for #free on #GooglePlay or in the # ...
heelo,Heelo App (@heeloapps) / X,https://x.com/heeloapps?lang=en,Heelo™ - Never use paper coupons again! Heelo™ app has the most comprehensive listing of local restaurant coupons and promotions.
heelo,Hela Nomair Mokhlis (@heelo.xcvii) • Instagram photos and videos,https://www.instagram.com/heelo.xcvii/?hl=en,"Cal State University Northridge ‍ ... 4 days till we start our forever. Photo by Hela Nomair Mokhlis on November 10, 2024."
heelo,Heelo songwriting community : r/Songwriters,https://www.reddit.com/r/Songwriters/comments/17dhrn0/heelo_songwriting_community/,I'm an aspiring songwriter looking to get some feedback on a few songs I've written recently! I've been writing on and off for about the past 3 years.
heelo,Heelo | Hybrid care paths for doctor-specialists,https://www.heelo.care/,A hybrid way to reinvent doctor-patient interactions. More efficiency for doctors and better patient care—that's our promise.
heelo,Heelo Coupons Inc. - Crunchbase Company Profile & Funding,https://www.crunchbase.com/organization/heelo-coupons-inc,"Where is Heelo Coupons Inc. 's headquarters? Heelo Coupons Inc. is located in Markham, Ontario, Canada ."
heelo,Heelo Coupons | LinkedIn,https://ca.linkedin.com/company/heelo-coupons,Heelo Coupons | 324 followers on LinkedIn. Heelo™ app has the most comprehensive listing of local restaurant coupons and promotions.
heelo,Hela Nomair (@heelo.x) | TikTok,https://www.tiktok.com/@heelo.x,Hela Nomair (@heelo.x) on TikTok | 534.8K Likes. LA.Watch the latest video from Hela Nomair (@heelo.x).
heelo,Heelo App (heeloapp) - Profile | Pinterest,https://ca.pinterest.com/heeloapp/,Heelo App | Heelo™ - Discover new ways to save when dining out. Heelo™ app has the most comprehensive listing of local restaurant coupons and promotions.
heelo,"Heelo, someone can help-me with ssl certificate on tableau server?",https://community.tableau.com/s/question/0D58b00009iB4MRCA0/heelo-someone-can-helpme-with-ssl-certificate-on-tableau-server,"Jun 28, 2022 ... Hi Higor, I have faced the same issue. The issue got fixed after upgrading the tableau server to the latest version."
good morning,Good Morning America: GMA,https://www.goodmorningamerica.com/,"Punxsutawney Phil is seen during the Groundhog Day celebration at the Gobbler's Knob, Feb. · Deals & Steals treat yourself · A surf and turf po' boy being ..."
good morning,Good Morning GIFs | Tenor,https://tenor.com/search/good-morning-gifs,A sunflower with a smiley face holding a heart and the words good morning. #good-moring #good-morning-images
good morning,The Accident | Good Morning,https://goodmorningisaband.bandcamp.com/album/the-accident,"The Accident by Good Morning, released 29 November 2024 1. Thrills Of The Family Man 6."
good morning,(@goodfknmorning) • Instagram photos and videos,https://www.instagram.com/goodfknmorning/?hl=en,May be an image of 2. 'the accident' by good morning.
good morning,"900+ Morning ideas in 2025 | good morning images, good morning ...",https://in.pinterest.com/bknagar/morning/,"Nagar BSNL's board ""Morning"" on Pinterest. See more ideas about good morning images, good morning greetings, good morning ..."
good morning,I got Smosh on Good Morning America!!! : r/smosh,https://www.reddit.com/r/smosh/comments/1e6gm9r/i_got_smosh_on_good_morning_america/,"Jul 18, 2024 ... 1.3K votes, 81 comments. 100% true story TLDR at the bottom On the Smosh Mouth previously, Smosh cast podcast, Shane top has mentioned ..."
good morning,Good Morning It's Basketball | Tom Ziller | Substack,https://ziller.substack.com/,"Dispatches on glory, failure and frivolity in the NBA, three times a week. Click to read Good Morning It's Basketball, by Tom Ziller, a Substack publication ..."
good morning,Good Morning Football (@gmfb) / X,https://x.com/gmfb?lang=en,"3 hours ago ... Join us Monday-Friday at 8am ET on NFL Network & GMFB: Overtime, check local listings or stream on Roku! Tap the link below to listen to the ..."
good morning,Deion Sanders talks Coach Prime - YouTube,https://www.youtube.com/watch?v=PvfltrlCtjc,Subscribe ... Good Morning America•188K views•3 weeks ago · 8:04. Go to channel · Deion Sanders reveals his amputated ...
good morning,Good Morning America (@GMA) / X,https://x.com/gma,Put some GOOD in your morning! Watch @GMA at 7am and around the clock at https://t.co/9MTJvPi246.
tell me about agriculture,Tell me about your worlds agriculture : r/worldbuilding,https://www.reddit.com/r/worldbuilding/comments/g3bz0a/tell_me_about_your_worlds_agriculture/,"Apr 17, 2020 ... What plants do they grow? And what animals are domesticated?"
tell me about agriculture,Agriculture - Wikipedia,https://en.wikipedia.org/wiki/Agriculture,"Agriculture encompasses crop and livestock production, aquaculture, and forestry for food and non-food products. Agriculture was a key factor in the rise of ..."
tell me about agriculture,"Tell me I'm doing something stupid: ""A nerd on the farm, discovering ...",https://www.reddit.com/r/farming/comments/12xk4od/tell_me_im_doing_something_stupid_a_nerd_on_the/,"Apr 24, 2023 ... Skip to main content Tell me I'm doing something stupid: ""A nerd on the farm, discovering agriculture on 4 hectares of land"" : r/farming."
tell me about agriculture,People always tell me we need... - Caitlin Knute KSHB 41 News ...,https://www.facebook.com/CaitlinKnute41ActionNews/posts/people-always-tell-me-we-need-to-do-more-positive-news-so-my-photographer-chase-/1109442451183991/,"Nov 21, 2024 ... People always tell me we need to do more positive news. So, my ... His passion for teaching people about agriculture is pretty inspiring!"
tell me about agriculture,Eric Mittenthal Discusses Animal Agriculture's Continuous ...,https://interviews.roberteccles.com/eric-mittenthal-discusses-animal-agricultures-continuous-improvement-for-people-animals-and-planet/,"Now, please tell me more about the institute's vision for sustainability and ... The Protein PACT vision unites partners across animal agriculture to ..."
tell me about agriculture,The Story of Agriculture: What Happened When I Stopped Telling ...,https://www.linkedin.com/pulse/story-agriculture-what-happened-when-i-stopped-telling-jess-hines,The story of agriculture: What happened when I stopped telling the story and started listening. Report this article.
tell me about agriculture,"Prospective Students | College of Agriculture, Biotechnology ...",https://www.unr.edu/cabnr/prospective-students,"Tell me more about majoring in ag sci / econ. Focuses on plant science, animal science, agribusiness, soil and water ..."
tell me about agriculture,Food From the Farm | Iowa Agriculture Literacy,https://iowaagliteracy.wordpress.com/2021/12/15/food-from-the-farm/,"Dec 15, 2021 ... During regular classroom programing in the last month, I have had three students tell me, “Mrs. Bruck, my food doesn't come from the farm."
tell me about agriculture,You're teaching my daughter WHAT in health class??? - Animal ...,https://animalagalliance.org/youre-teaching-my-daughter-what-in-health-class/,Read Ty's original post here. Her health teacher loaded up a video that was called ...
tell me about agriculture,What I've learned from the women in agriculture around me | AGDAILY,https://www.agdaily.com/insights/what-ive-learned-from-the-women-in-agriculture-around-me/,"Apr 8, 2022 ... I talk to veterinarians, farm consultants, nutritionists, crop managers, herd managers, and more about how they become respected female leaders in their ..."
what is agriculture?,Agriculture - Wikipedia,https://en.wikipedia.org/wiki/Agriculture,"Agriculture encompasses crop and livestock production, aquaculture, and forestry for food and non-food products. ... Agriculture was a key factor in the rise of ..."
what is agriculture?,What is agriculture's share of the overall U.S. economy? | Economic ...,http://www.ers.usda.gov/data-products/chart-gallery/chart-detail?chartId=58270,"According to data from the Bureau of Economic Analysis, agriculture, food, and related industries contributed roughly $1.537 trillion to U.S. gross domestic ..."
what is agriculture?,Agriculture Risk Coverage (ARC) & Price Loss Coverage (PLC ...,https://www.fsa.usda.gov/resources/programs/arc-plc,The ARC program provides payments when the actual revenue for a farm is less than a guarantee set based on historical data and market conditions. The PLC ...
what is agriculture?,Ag and Food Statistics: Charting the Essentials - Ag and Food ...,http://www.ers.usda.gov/data-products/ag-and-food-statistics-charting-the-essentials/ag-and-food-sectors-and-the-economy,What is agriculture's share of the overall U.S. economy? · Agriculture and its related industries provide 10.4 percent of U.S. employment · Food accounted for ...
what is agriculture?,Agriculture Technology,https://www.nifa.usda.gov/topics/agriculture-technology,"Dec 16, 2024 ... Today's agriculture routinely uses sophisticated technologies such as robots, temperature and moisture sensors, aerial images, and GPS ..."
what is agriculture?,Co-ops: A Key Part of Rural America | Home,https://www.usda.gov/node/6394,"... Agriculture (NIFA). To learn more, visit: USDA Rural Development Cooperative Programs website · USDA's Library of Co-op Publications · Rural Cooperatives ..."
what is agriculture?,California Agricultural Production Statistics,https://www.cdfa.ca.gov/Statistics/,California's Top 10 Agricultural Commodities · Pistachios — $2.98 billion · Strawberries — $2.97 billion · Tomatoes — $2.01 billion · Carrots — $1.67 billion ...
what is agriculture?,Biotechnology FAQs | Home,https://www.usda.gov/farming-and-ranching/plants-and-crops/biotechnology/biotechnology-faqs,"What is Agricultural Biotechnology? Agricultural biotechnology is a range of tools, including traditional breeding techniques, that alter living organisms, ..."
what is agriculture?,Agriculture Definition & Meaning - Merriam-Webster,https://www.merriam-webster.com/dictionary/agriculture,"4 days ago ... The meaning of AGRICULTURE is the science, art, or practice of cultivating the soil, producing crops, and raising livestock and in varying ..."
what is agriculture?,Cornell CALS - College of Agriculture and Life Sciences,https://cals.cornell.edu/,Cornell University's College of Agriculture and Life Sciences addresses today's challenges through purpose-driven science to advance knowledge and improve ...
what is agriculture,Agriculture - Wikipedia,https://en.wikipedia.org/wiki/Agriculture,"Agriculture encompasses crop and livestock production, aquaculture, and forestry for food and non-food products. ... Agriculture was a key factor in the rise of ..."
what is agriculture,What is agriculture's share of the overall U.S. economy? | Economic ...,http://www.ers.usda.gov/data-products/chart-gallery/chart-detail?chartId=58270,"According to data from the Bureau of Economic Analysis, agriculture, food, and related industries contributed roughly $1.537 trillion to U.S. gross domestic ..."
what is agriculture,Agriculture Risk Coverage (ARC) & Price Loss Coverage (PLC ...,https://www.fsa.usda.gov/resources/programs/arc-plc,The ARC program provides payments when the actual revenue for a farm is less than a guarantee set based on historical data and market conditions. The PLC ...
what is agriculture,Ag and Food Statistics: Charting the Essentials - Ag and Food ...,http://www.ers.usda.gov/data-products/ag-and-food-statistics-charting-the-essentials/ag-and-food-sectors-and-the-economy,What is agriculture's share of the overall U.S. economy? · Agriculture and its related industries provide 10.4 percent of U.S. employment · Food accounted for ...
what is agriculture,Agriculture Technology,https://www.nifa.usda.gov/topics/agriculture-technology,"Dec 16, 2024 ... Today's agriculture routinely uses sophisticated technologies such as robots, temperature and moisture sensors, aerial images, and GPS ..."
what is agriculture,Co-ops: A Key Part of Rural America | Home,https://www.usda.gov/node/6394,"... Agriculture (NIFA). To learn more, visit: USDA Rural Development Cooperative Programs website · USDA's Library of Co-op Publications · Rural Cooperatives ..."
what is agriculture,California Agricultural Production Statistics,https://www.cdfa.ca.gov/Statistics/,California's Top 10 Agricultural Commodities · Pistachios — $2.98 billion · Strawberries — $2.97 billion · Tomatoes — $2.01 billion · Carrots — $1.67 billion ...
what is agriculture,Biotechnology FAQs | Home,https://www.usda.gov/farming-and-ranching/plants-and-crops/biotechnology/biotechnology-faqs,"What is Agricultural Biotechnology? Agricultural biotechnology is a range of tools, including traditional breeding techniques, that alter living organisms, ..."
what is agriculture,Agriculture Definition & Meaning - Merriam-Webster,https://www.merriam-webster.com/dictionary/agriculture,"4 days ago ... The meaning of AGRICULTURE is the science, art, or practice of cultivating the soil, producing crops, and raising livestock and in varying ..."
what is agriculture,Cornell CALS - College of Agriculture and Life Sciences,https://cals.cornell.edu/,Cornell University's College of Agriculture and Life Sciences addresses today's challenges through purpose-driven science to advance knowledge and improve ...
agriculture?,USDA,https://www.usda.gov/,"Resources and support for food, agriculture, natural resources, rural development, nutrition, and related issues."
agriculture?,Agriculture - Wikipedia,https://en.wikipedia.org/wiki/Agriculture,"Agriculture encompasses crop and livestock production, aquaculture, and forestry for food and non-food products. ... Agriculture was a key factor in the rise of ..."
agriculture?,"Successful Farming: Practical, Trusted Farming and Ranching ...",https://www.agriculture.com/,Mixed Reactions From Agriculture and Energy Sectors to Doug Burgum's Confirmation as Interior Secretary · Jason and Mandy Dittmer. 15 ...
agriculture?,Texas Department of Agriculture,https://texasagriculture.gov/,Find Your Road With a Job at TDA. Description: a red dirt country road ...
agriculture?,Home - Florida Department of Agriculture & Consumer Services,https://www.fdacs.gov/,Florida Department of Agriculture and Consumer Services - FDACS.
agriculture?,Ohio Department of Agriculture | Ohio.gov,https://agri.ohio.gov/,"ODA fulfills several important roles for Ohioans including supporting agriculture, protecting consumers, safeguarding plants and animals, and conserving ..."
agriculture?,USDA NIFA | National Institute of Food and Agriculture,https://www.nifa.usda.gov/,NIFA's Office of Grants and Financial Management provides support and guidance for award recipients during each of these phases.
agriculture?,California Department of Food and Agriculture - CDFA,https://www.cdfa.ca.gov/,Explore CDFA Divisions & Programs · Plant Health & Pest Prevention Services · Animal Health & Food Safety Services · Environmental Farming · Inspection Services.
agriculture?,Census of Agriculture: USDA - National Agricultural Statistics Service,https://www.agcensus.usda.gov/,The Census of Agriculture is a complete count of U.S. farms and ranches and the people who operate them. Even small plots of land - whether rural or urban ...
agriculture?,Maryland Department of Agriculture,https://mda.maryland.gov/,Farm Stress Management · Conservation Buffer · Healthy Soils Competitive Fund ​​ · Small Equine and Livestock · Spay and Neuter Grants Program​. *** Hot ...
agriculture?,USDA,https://www.usda.gov/,"Resources and support for food, agriculture, natural resources, rural development, nutrition, and related issues."
agriculture?,Agriculture - Wikipedia,https://en.wikipedia.org/wiki/Agriculture,"Agriculture encompasses crop and livestock production, aquaculture, and forestry for food and non-food products. ... Agriculture was a key factor in the rise of ..."
agriculture?,"Successful Farming: Practical, Trusted Farming and Ranching ...",https://www.agriculture.com/,Mixed Reactions From Agriculture and Energy Sectors to Doug Burgum's Confirmation as Interior Secretary · Jason and Mandy Dittmer. 15 ...
agriculture?,Texas Department of Agriculture,https://texasagriculture.gov/,Find Your Road With a Job at TDA. Description: a red dirt country road ...
agriculture?,Florida Department of Agriculture & Consumer Services: Home,https://www.fdacs.gov/,Florida Department of Agriculture and Consumer Services - FDACS.
agriculture?,Ohio Department of Agriculture | Ohio.gov,https://agri.ohio.gov/,"ODA fulfills several important roles for Ohioans including supporting agriculture, protecting consumers, safeguarding plants and animals, and conserving ..."
agriculture?,USDA NIFA | National Institute of Food and Agriculture,https://www.nifa.usda.gov/,NIFA's Office of Grants and Financial Management provides support and guidance for award recipients during each of these phases.
agriculture?,California Department of Food and Agriculture - CDFA,https://www.cdfa.ca.gov/,Explore CDFA Divisions & Programs · Plant Health & Pest Prevention Services · Animal Health & Food Safety Services · Environmental Farming · Inspection Services.
agriculture?,Census of Agriculture: USDA - National Agricultural Statistics Service,https://www.agcensus.usda.gov/,The Census of Agriculture is a complete count of U.S. farms and ranches and the people who operate them. Even small plots of land - whether rural or urban ...
agriculture?,Maryland Department of Agriculture,https://mda.maryland.gov/,Farm Stress Management · Conservation Buffer · Healthy Soils Competitive Fund ​​ · Small Equine and Livestock · Spay and Neuter Grants Program​. *** Hot ...
